function,metric
bsw_setup,0.05083971204857031
bsw_enc,0.23527024781538364
bsw_keygen,0.17574590673049276
bsw_dec_sim,0.4918642642845708
