function,metric
bsw_setup,0.05148579778356687
bsw_enc,0.207165868
bsw_keygen,0.17779504938258078
bsw_dec_seq,0.9397886722203783
bsw_dec_sim,0.4918642642845708
