function,metric
bsw_setup,0.05133355089359807
bsw_enc,0.3929752074720132
bsw_keygen,0.3427115404357504
bsw_dec,1.7790567699654178
