function,metric
bsw_setup,0.05134608663618565
bsw_enc,0.6905375
bsw_keygen,0.6680711031208451
bsw_dec,3.5131865737959633
