function,metric
bsw_setup,0.051434326072533953
bsw_enc,1.4022863655206244
bsw_keygen,1.3263913672748568
bsw_dec,7.101196253622527
