function,metric
bsw_setup,0.05104031959341631
bsw_enc,0.39313294878436517
bsw_keygen,0.3408005508283772
bsw_dec,0.9040945589500986
